,date,fund,company,ticker,shares,market value($),weight(%)
0,01/13/2021,ARKQ,MATERIALISE NV-ADR,MTLS,2446618.0,166130000.0,7.27
1,01/13/2021,ARKQ,2U INC,TWOU,1201373.0,52190000.0,2.28
2,01/13/2021,ARKQ,PROTO LABS INC,PRLB,280592.0,47230000.0,2.07
3,01/13/2021,ARKQ,STRATASYS LTD,SSYS,1544348.0,43500000.0,1.9
4,01/13/2021,ARKQ,EXONE CO/THE,XONE,997483.0,13750000.0,0.6
5,01/13/2021,ARKQ,ORGANOVO HOLDINGS INC,ONVO,197165.0,2570000.0,0.11
6,01/13/2021,ARKQ,SPLUNK INC,SPLK,801.0,140000.0,0.01
7,01/13/2021,ARKQ,AMAZON.COM INC,AMZN,7563.0,23940000.0,1.05
8,01/13/2021,ARKQ,INTUITIVE SURGICAL INC,ISRG,31206.0,25320000.0,1.11
9,01/13/2021,ARKQ,ALPHABET INC-CL C,GOOG,44547.0,78150000.0,3.42
10,01/13/2021,ARKQ,HONEYWELL INTERNATIONAL INC,HON,45204.0,9360000.0,0.41
11,01/13/2021,ARKQ,NVIDIA CORP,NVDA,54349.0,29420000.0,1.29
12,01/13/2021,ARKQ,TELEDYNE TECHNOLOGIES INC,TDY,60810.0,23530000.0,1.03
13,01/13/2021,ARKQ,LOCKHEED MARTIN CORP,LMT,65864.0,22760000.0,1.0
14,01/13/2021,ARKQ,AUTODESK INC,ADSK,66832.0,21010000.0,0.92
15,01/13/2021,ARKQ,ANSYS INC,ANSS,76964.0,28910000.0,1.26
16,01/13/2021,ARKQ,ROCKWELL AUTOMATION INC,ROK,88217.0,23150000.0,1.01
17,01/13/2021,ARKQ,SYNOPSYS INC,SNPS,149579.0,38460000.0,1.68
18,01/13/2021,ARKQ,APPLE INC,AAPL,178598.0,23380000.0,1.02
19,01/13/2021,ARKQ,XILINX INC,XLNX,197953.0,27950000.0,1.22
20,01/13/2021,ARKQ,ELBIT SYSTEMS LTD,ESLT,157777.0,21640000.0,0.95
21,01/13/2021,ARKQ,TERADYNE INC,TER,287175.0,39060000.0,1.71
22,01/13/2021,ARKQ,CATERPILLAR INC,CAT,301124.0,58990000.0,2.58
23,01/13/2021,ARKQ,TESLA INC,TSLA,321032.0,274290000.0,12.0
24,01/13/2021,ARKQ,DEERE & CO,DE,335185.0,100960000.0,4.42
25,01/13/2021,ARKQ,TENCENT HOLDINGS LTD-UNS ADR,TCEHY,337000.0,26430000.0,1.16
26,01/13/2021,ARKQ,BAIDU INC - SPON ADR,BIDU,388966.0,92160000.0,4.03
27,01/13/2021,ARKQ,NXP SEMICONDUCTORS NV,NXPI,394004.0,69900000.0,3.06
28,01/13/2021,ARKQ,MAGNA INTERNATIONAL INC,MGA,432110.0,32460000.0,1.42
29,01/13/2021,ARKQ,AEROVIRONMENT INC,AVAV,490630.0,47180000.0,2.06
30,01/13/2021,ARKQ,TAIWAN SEMICONDUCTOR-SP ADR,TSM,579337.0,69070000.0,3.02
31,01/13/2021,ARKQ,FLIR SYSTEMS INC,FLIR,674669.0,36450000.0,1.6
32,01/13/2021,ARKQ,RAVEN INDUSTRIES INC,RAVN,710545.0,26610000.0,1.16
33,01/13/2021,ARKQ,JD.COM INC-ADR,JD,906360.0,81970000.0,3.59
34,01/13/2021,ARKQ,BYD CO LTD-UNSPONSORED ADR,BYDDY,1042742.0,69550000.0,3.04
35,01/13/2021,ARKQ,NIU TECHNOLOGIES-SPONS ADR,NIU,1070770.0,42050000.0,1.84
36,01/13/2021,ARKQ,TRIMBLE INC,TRMB,1548407.0,108420000.0,4.74
37,01/13/2021,ARKQ,VIRGIN GALACTIC HOLDINGS INC,SPCE,1623474.0,44740000.0,1.96
38,01/13/2021,ARKQ,IRIDIUM COMMUNICATIONS INC,IRDM,1670811.0,72110000.0,3.16
39,01/13/2021,ARKQ,KOMATSU LTD -SPONS ADR,KMTUY,1799236.0,52480000.0,2.3
40,01/13/2021,ARKQ,WORKHORSE GROUP INC,WKHS,2229535.0,54710000.0,2.39
41,01/13/2021,ARKQ,KRATOS DEFENSE & SECURITY,KTOS,2872037.0,79730000.0,3.49
42,01/13/2021,ARKQ,NANO DIMENSION LTD - ADR,NNDM,5758173.0,65819999.99999999,2.88
43,01/13/2021,ARKQ,EXPERIENCE INVESTMENT CORP-Aadded,EXPC,64615.0,910000.0,0.04
44,01/13/2021,ARKQ,MORGAN STANLEY GOVT INSTL 8035,,16852028.44,16850000.0,0.74
45,01/13/2021,ARKQ,MORGAN STANLEY GOVT INSTL 8035,,16852028.44,16850000.0,0.74
46,01/14/2021,ARKQ,MATERIALISE NV-ADR,MTLS,2446618.0,179700000.0,7.36
47,01/14/2021,ARKQ,2U INC,TWOU,1201373.0,52960000.0,2.17
48,01/14/2021,ARKQ,PROTO LABS INC,PRLB,280592.0,49110000.0,2.01
49,01/14/2021,ARKQ,STRATASYS LTD,SSYS,1544348.0,50610000.0,2.07
50,01/14/2021,ARKQ,EXONE CO/THE,XONE,997483.0,15220000.0,0.62
51,01/14/2021,ARKQ,ORGANOVO HOLDINGS INC,ONVO,197165.0,2900000.0,0.12
52,01/14/2021,ARKQ,SPLUNK INC,SPLK,833.0,140000.0,0.01
53,01/14/2021,ARKQ,AMAZON.COM INC,AMZN,7787.0,24350000.0,1.0
54,01/14/2021,ARKQ,INTUITIVE SURGICAL INC,ISRG,32134.0,25620000.0,1.05
55,01/14/2021,ARKQ,ALPHABET INC-CL C,GOOG,45875.0,79830000.0,3.27
56,01/14/2021,ARKQ,HONEYWELL INTERNATIONAL INC,HON,46548.0,9710000.0,0.4
57,01/14/2021,ARKQ,NVIDIA CORP,NVDA,55965.0,29550000.0,1.21
58,01/14/2021,ARKQ,EXPERIENCE INVESTMENT CORP-A,EXPC,66535.0,970000.0,0.04
59,01/14/2021,ARKQ,AUTODESK INC,ADSK,68816.0,21410000.0,0.88
60,01/14/2021,ARKQ,ANSYS INC,ANSS,79252.0,29250000.0,1.2
61,01/14/2021,ARKQ,ROCKWELL AUTOMATION INC,ROK,90841.0,23870000.0,0.98
62,01/14/2021,ARKQ,SYNOPSYS INC,SNPS,154027.0,39730000.0,1.63
63,01/14/2021,ARKQ,APPLE INC,AAPL,183910.0,23710000.0,0.97
64,01/14/2021,ARKQ,XILINX INC,XLNX,203841.0,28540000.0,1.17
65,01/14/2021,ARKQ,TERADYNE INC,TER,295719.0,40920000.0,1.68
66,01/14/2021,ARKQ,CATERPILLAR INC,CAT,310084.0,61210000.0,2.51
67,01/14/2021,ARKQ,TESLA INC,TSLA,330584.0,279340000.0,11.44
68,01/14/2021,ARKQ,DEERE & CO,DE,345153.0,104530000.0,4.28
69,01/14/2021,ARKQ,TENCENT HOLDINGS LTD-UNS ADR,TCEHY,347032.0,28040000.0,1.15
70,01/14/2021,ARKQ,BAIDU INC - SPON ADR,BIDU,400534.0,99730000.0,4.08
71,01/14/2021,ARKQ,NXP SEMICONDUCTORS NV,NXPI,405716.0,73030000.0,2.99
72,01/14/2021,ARKQ,MAGNA INTERNATIONAL INC,MGA,444958.0,33110000.0,1.36
73,01/14/2021,ARKQ,ELBIT SYSTEMS LTD,ESLT,171254.0,24020000.0,0.98
74,01/14/2021,ARKQ,AEROVIRONMENT INC,AVAV,505222.0,63300000.0,2.59
75,01/14/2021,ARKQ,TELEDYNE TECHNOLOGIES INC,TDY,76017.0,29500000.0,1.21
76,01/14/2021,ARKQ,TAIWAN SEMICONDUCTOR-SP ADR,TSM,596569.0,75440000.0,3.09
77,01/14/2021,ARKQ,FLIR SYSTEMS INC,FLIR,694733.0,37580000.0,1.54
78,01/14/2021,ARKQ,RAVEN INDUSTRIES INC,RAVN,731681.0,27530000.0,1.13
79,01/14/2021,ARKQ,JD.COM INC-ADR,JD,933320.0,83290000.0,3.41
80,01/14/2021,ARKQ,BYD CO LTD-UNSPONSORED ADR,BYDDY,1073766.0,68600000.0,2.81
81,01/14/2021,ARKQ,NIU TECHNOLOGIES-SPONS ADR,NIU,1102626.0,43240000.0,1.77
82,01/14/2021,ARKQ,LOCKHEED MARTIN CORP,LMT,101416.0,35240000.0,1.44
83,01/14/2021,ARKQ,TRIMBLE INC,TRMB,1594455.0,111400000.0,4.56
84,01/14/2021,ARKQ,VIRGIN GALACTIC HOLDINGS INC,SPCE,1671762.0,55220000.0,2.26
85,01/14/2021,ARKQ,IRIDIUM COMMUNICATIONS INC,IRDM,1720507.0,80730000.0,3.3
86,01/14/2021,ARKQ,KOMATSU LTD -SPONS ADR,KMTUY,1852756.0,54450000.0,2.23
87,01/14/2021,ARKQ,WORKHORSE GROUP INC,WKHS,2295855.0,56500000.0,2.31
88,01/14/2021,ARKQ,KRATOS DEFENSE & SECURITY,KTOS,2957461.0,89910000.0,3.68
89,01/14/2021,ARKQ,NANO DIMENSION LTD - ADR,NNDM,5929437.0,61490000.0,2.52
90,01/14/2021,ARKQ,MORGAN STANLEY GOVT INSTL 8035,,38138309.72,38140000.0,1.56
91,01/15/2021,ARKQ,MATERIALISE NV-ADR,MTLS,2446618.0,164190000.0,6.73
92,01/15/2021,ARKQ,2U INC,TWOU,1201373.0,51240000.0,2.1
93,01/15/2021,ARKQ,STRATASYS LTD,SSYS,1544348.0,49190000.0,2.01
94,01/15/2021,ARKQ,PROTO LABS INC,PRLB,280592.0,47320000.0,1.94
95,01/15/2021,ARKQ,EXONE CO/THE,XONE,997483.0,15220000.0,0.62
96,01/15/2021,ARKQ,ORGANOVO HOLDINGS INC,ONVO,197165.0,2750000.0,0.11
97,01/15/2021,ARKQ,SPLUNK INC,SPLK,851.0,140000.0,0.01
98,01/15/2021,ARKQ,AMAZON.COM INC,AMZN,7913.0,24560000.0,1.01
99,01/15/2021,ARKQ,INTUITIVE SURGICAL INC,ISRG,32656.0,25420000.0,1.04
100,01/15/2021,ARKQ,ALPHABET INC-CL C,GOOG,46622.0,80940000.0,3.32
101,01/15/2021,ARKQ,HONEYWELL INTERNATIONAL INC,HON,47304.0,9740000.0,0.4
102,01/15/2021,ARKQ,NVIDIA CORP,NVDA,56874.0,29250000.0,1.2
103,01/15/2021,ARKQ,AUTODESK INC,ADSK,69932.0,21570000.0,0.88
104,01/15/2021,ARKQ,ANSYS INC,ANSS,80539.0,29340000.0,1.2
105,01/15/2021,ARKQ,ROCKWELL AUTOMATION INC,ROK,92317.0,23600000.0,0.97
106,01/15/2021,ARKQ,LOCKHEED MARTIN CORP,LMT,103063.0,35790000.0,1.47
107,01/15/2021,ARKQ,SYNOPSYS INC,SNPS,156529.0,40530000.0,1.66
108,01/15/2021,ARKQ,APPLE INC,AAPL,186898.0,23760000.0,0.97
109,01/15/2021,ARKQ,XILINX INC,XLNX,207153.0,28300000.0,1.16
110,01/15/2021,ARKQ,TERADYNE INC,TER,300525.0,41260000.0,1.69
111,01/15/2021,ARKQ,TESLA INC,TSLA,335957.0,277550000.0,11.37
112,01/15/2021,ARKQ,TENCENT HOLDINGS LTD-UNS ADR,TCEHY,352675.0,29010000.0,1.19
113,01/15/2021,ARKQ,EXPERIENCE INVESTMENT CORP-A,EXPC,72836.0,1030000.0,0.04
114,01/15/2021,ARKQ,BAIDU INC - SPON ADR,BIDU,407041.0,97230000.0,3.98
115,01/15/2021,ARKQ,ELBIT SYSTEMS LTD,ESLT,178163.0,24100000.0,0.99
116,01/15/2021,ARKQ,MAGNA INTERNATIONAL INC,MGA,452185.0,32960000.0,1.35
117,01/15/2021,ARKQ,AEROVIRONMENT INC,AVAV,513430.0,59890000.0,2.45
118,01/15/2021,ARKQ,TAIWAN SEMICONDUCTOR-SP ADR,TSM,606262.0,75920000.0,3.11
119,01/15/2021,ARKQ,FLIR SYSTEMS INC,FLIR,706019.0,37910000.0,1.55
120,01/15/2021,ARKQ,RAVEN INDUSTRIES INC,RAVN,743570.0,27190000.0,1.11
121,01/15/2021,ARKQ,JD.COM INC-ADR,JD,948485.0,83250000.0,3.41
122,01/15/2021,ARKQ,BYD CO LTD-UNSPONSORED ADR,BYDDY,1091217.0,65360000.0,2.68
123,01/15/2021,ARKQ,NIU TECHNOLOGIES-SPONS ADR,NIU,1120545.0,42570000.0,1.74
124,01/15/2021,ARKQ,TELEDYNE TECHNOLOGIES INC,TDY,95250.0,36440000.0,1.49
125,01/15/2021,ARKQ,DEERE & CO,DE,364714.0,107740000.0,4.41
126,01/15/2021,ARKQ,CATERPILLAR INC,CAT,335554.0,65310000.0,2.68
127,01/15/2021,ARKQ,TRIMBLE INC,TRMB,1620366.0,112550000.0,4.61
128,01/15/2021,ARKQ,VIRGIN GALACTIC HOLDINGS INC,SPCE,1698924.0,51700000.0,2.12
129,01/15/2021,ARKQ,IRIDIUM COMMUNICATIONS INC,IRDM,1748461.0,81390000.0,3.33
130,01/15/2021,ARKQ,WORKHORSE GROUP INC,WKHS,2333160.0,54460000.0,2.23
131,01/15/2021,ARKQ,NXP SEMICONDUCTORS NV,NXPI,446994.0,76980000.0,3.15
132,01/15/2021,ARKQ,KRATOS DEFENSE & SECURITY,KTOS,3005512.0,88810000.0,3.64
133,01/15/2021,ARKQ,NANO DIMENSION LTD - ADR,NNDM,6025782.0,62550000.0,2.56
134,01/15/2021,ARKQ,KOMATSU LTD -SPONS ADR,KMTUY,2088771.0,60890000.0,2.49
135,01/15/2021,ARKQ,MORGAN STANLEY GOVT INSTL 8035,,44174288.26,44170000.0,1.81
136,01/19/2021,ARKQ,MORGAN STANLEY GOVT INSTL 8035,,33827296.69,33830000.0,1.31
137,01/19/2021,ARKQ,MATERIALISE NV-ADR,MTLS,2446618.0,181560000.0,7.02
138,01/19/2021,ARKQ,2U INC,TWOU,1201373.0,52700000.0,2.04
139,01/19/2021,ARKQ,STRATASYS LTD,SSYS,1544348.0,55350000.0,2.14
140,01/19/2021,ARKQ,PROTO LABS INC,PRLB,280592.0,50420000.0,1.95
141,01/19/2021,ARKQ,EXONE CO/THE,XONE,997483.0,18510000.0,0.72
142,01/19/2021,ARKQ,ORGANOVO HOLDINGS INC,ONVO,197165.0,2830000.0,0.11
143,01/19/2021,ARKQ,SPLUNK INC,SPLK,887.0,150000.0,0.01
144,01/19/2021,ARKQ,AMAZON.COM INC,AMZN,8165.0,25480000.0,0.99
145,01/19/2021,ARKQ,INTUITIVE SURGICAL INC,ISRG,33700.0,26230000.0,1.01
146,01/19/2021,ARKQ,ALPHABET INC-CL C,GOOG,48116.0,86170000.0,3.33
147,01/19/2021,ARKQ,HONEYWELL INTERNATIONAL INC,HON,48816.0,10090000.0,0.39
148,01/19/2021,ARKQ,NVIDIA CORP,NVDA,58692.0,30580000.0,1.18
149,01/19/2021,ARKQ,AUTODESK INC,ADSK,72164.0,22440000.0,0.87
150,01/19/2021,ARKQ,EXPERIENCE INVESTMENT CORP-A,EXPC,75176.0,1070000.0,0.04
151,01/19/2021,ARKQ,ANSYS INC,ANSS,83113.0,30710000.0,1.19
152,01/19/2021,ARKQ,ROCKWELL AUTOMATION INC,ROK,95269.0,24870000.0,0.96
153,01/19/2021,ARKQ,TELEDYNE TECHNOLOGIES INC,TDY,98292.0,38060000.0,1.47
154,01/19/2021,ARKQ,LOCKHEED MARTIN CORP,LMT,106357.0,36320000.0,1.4
155,01/19/2021,ARKQ,SYNOPSYS INC,SNPS,161533.0,43320000.0,1.68
156,01/19/2021,ARKQ,APPLE INC,AAPL,192874.0,24660000.0,0.95
157,01/19/2021,ARKQ,XILINX INC,XLNX,213777.0,29790000.0,1.15
158,01/19/2021,ARKQ,ELBIT SYSTEMS LTD,ESLT,187670.0,25670000.0,0.99
159,01/19/2021,ARKQ,TERADYNE INC,TER,310137.0,43610000.0,1.69
160,01/19/2021,ARKQ,CATERPILLAR INC,CAT,346282.0,67200000.0,2.6
161,01/19/2021,ARKQ,TESLA INC,TSLA,346703.0,292810000.0,11.33
162,01/19/2021,ARKQ,TENCENT HOLDINGS LTD-UNS ADR,TCEHY,363943.0,31260000.0,1.21
163,01/19/2021,ARKQ,DEERE & CO,DE,376378.0,111030000.0,4.29
164,01/19/2021,ARKQ,BAIDU INC - SPON ADR,BIDU,420055.0,105190000.0,4.07
165,01/19/2021,ARKQ,NXP SEMICONDUCTORS NV,NXPI,461286.0,80730000.0,3.12
166,01/19/2021,ARKQ,MAGNA INTERNATIONAL INC,MGA,466639.0,33820000.0,1.31
167,01/19/2021,ARKQ,AEROVIRONMENT INC,AVAV,529846.0,69460000.0,2.69
168,01/19/2021,ARKQ,TAIWAN SEMICONDUCTOR-SP ADR,TSM,625648.0,82150000.0,3.18
169,01/19/2021,ARKQ,FLIR SYSTEMS INC,FLIR,728591.0,39440000.0,1.53
170,01/19/2021,ARKQ,RAVEN INDUSTRIES INC,RAVN,767348.0,28080000.0,1.09
171,01/19/2021,ARKQ,JD.COM INC-ADR,JD,978815.0,89220000.0,3.45
172,01/19/2021,ARKQ,BYD CO LTD-UNSPONSORED ADR,BYDDY,1126101.0,69260000.0,2.68
173,01/19/2021,ARKQ,NIU TECHNOLOGIES-SPONS ADR,NIU,1156365.0,51350000.0,1.99
174,01/19/2021,ARKQ,TRIMBLE INC,TRMB,1672170.0,115700000.0,4.48
175,01/19/2021,ARKQ,VIRGIN GALACTIC HOLDINGS INC,SPCE,1753248.0,55490000.0,2.15
176,01/19/2021,ARKQ,IRIDIUM COMMUNICATIONS INC,IRDM,1804369.0,87300000.0,3.38
177,01/19/2021,ARKQ,KOMATSU LTD -SPONS ADR,KMTUY,2155551.0,63030000.0,2.44
178,01/19/2021,ARKQ,WORKHORSE GROUP INC,WKHS,2407752.0,57210000.0,2.21
179,01/19/2021,ARKQ,KRATOS DEFENSE & SECURITY,KTOS,3101614.0,93050000.0,3.6
180,01/19/2021,ARKQ,NANO DIMENSION LTD - ADR,NNDM,6218454.0,68030000.0,2.63
181,01/20/2021,ARKQ,WORKHORSE GROUP INC,WKHS,1947088.0,45430000.0,1.72
182,01/20/2021,ARKQ,IRIDIUM COMMUNICATIONS INC,IRDM,1681407.0,80710000.0,3.05
183,01/20/2021,ARKQ,MATERIALISE NV-ADR,MTLS,2382617.0,167050000.0,6.31
184,01/20/2021,ARKQ,STRATASYS LTD,SSYS,1544348.0,56290000.0,2.13
185,01/20/2021,ARKQ,2U INC,TWOU,1201373.0,53490000.0,2.02
186,01/20/2021,ARKQ,PROTO LABS INC,PRLB,280592.0,53720000.0,2.03
187,01/20/2021,ARKQ,EXONE CO/THE,XONE,997483.0,21840000.0,0.83
188,01/20/2021,ARKQ,ORGANOVO HOLDINGS INC,ONVO,197165.0,3020000.0,0.11
189,01/20/2021,ARKQ,SPLUNK INC,SPLK,906.0,160000.0,0.01
190,01/20/2021,ARKQ,AMAZON.COM INC,AMZN,8431.0,27510000.0,1.04
191,01/20/2021,ARKQ,INTUITIVE SURGICAL INC,ISRG,34802.0,27790000.0,1.05
192,01/20/2021,ARKQ,ALPHABET INC-CL C,GOOG,49693.0,93770000.0,3.54
193,01/20/2021,ARKQ,HONEYWELL INTERNATIONAL INC,HON,50412.0,10490000.0,0.4
194,01/20/2021,ARKQ,NVIDIA CORP,NVDA,60611.0,32400000.0,1.22
195,01/20/2021,ARKQ,AUTODESK INC,ADSK,74520.0,23000000.0,0.87
196,01/20/2021,ARKQ,ANSYS INC,ANSS,85830.0,32500000.0,1.23
197,01/20/2021,ARKQ,ROCKWELL AUTOMATION INC,ROK,98385.0,25970000.0,0.98
198,01/20/2021,ARKQ,TELEDYNE TECHNOLOGIES INC,TDY,101503.0,39360000.0,1.49
199,01/20/2021,ARKQ,LOCKHEED MARTIN CORP,LMT,109834.0,37530000.0,1.42
200,01/20/2021,ARKQ,ELBIT SYSTEMS LTD,ESLT,193807.0,26600000.0,1.0
201,01/20/2021,ARKQ,APPLE INC,AAPL,199182.0,26300000.0,0.99
202,01/20/2021,ARKQ,XILINX INC,XLNX,220769.0,30470000.0,1.15
203,01/20/2021,ARKQ,TERADYNE INC,TER,320283.0,44390000.0,1.68
204,01/20/2021,ARKQ,CATERPILLAR INC,CAT,357606.0,68780000.0,2.6
205,01/20/2021,ARKQ,TESLA INC,TSLA,358046.0,304500000.0,11.5
206,01/20/2021,ARKQ,TENCENT HOLDINGS LTD-UNS ADR,TCEHY,375856.0,33100000.0,1.25
207,01/20/2021,ARKQ,DEERE & CO,DE,388690.0,116970000.0,4.42
208,01/20/2021,ARKQ,NXP SEMICONDUCTORS NV,NXPI,476372.0,83120000.0,3.14
209,01/20/2021,ARKQ,MAGNA INTERNATIONAL INC,MGA,481896.0,36550000.0,1.38
210,01/20/2021,ARKQ,AEROVIRONMENT INC,AVAV,547174.0,71940000.0,2.72
211,01/20/2021,ARKQ,SYNOPSYS INC,SNPS,181115.0,49520000.0,1.87
212,01/20/2021,ARKQ,TAIWAN SEMICONDUCTOR-SP ADR,TSM,646111.0,84410000.0,3.19
213,01/20/2021,ARKQ,FLIR SYSTEMS INC,FLIR,752417.0,40720000.0,1.54
214,01/20/2021,ARKQ,RAVEN INDUSTRIES INC,RAVN,792447.0,29340000.0,1.11
215,01/20/2021,ARKQ,BYD CO LTD-UNSPONSORED ADR,BYDDY,1162923.0,69660000.0,2.63
216,01/20/2021,ARKQ,NIU TECHNOLOGIES-SPONS ADR,NIU,1194175.0,52100000.0,1.97
217,01/20/2021,ARKQ,BAIDU INC - SPON ADR,BIDU,473392.0,123510000.0,4.67
218,01/20/2021,ARKQ,TRIMBLE INC,TRMB,1726852.0,123330000.0,4.66
219,01/20/2021,ARKQ,VIRGIN GALACTIC HOLDINGS INC,SPCE,1810590.0,57990000.0,2.19
220,01/20/2021,ARKQ,KOMATSU LTD -SPONS ADR,KMTUY,2226041.0,66000000.0,2.49
221,01/20/2021,ARKQ,KRATOS DEFENSE & SECURITY,KTOS,3203055.0,94040000.0,3.55
222,01/20/2021,ARKQ,JD.COM INC-ADR,JD,1094430.0,104310000.0,3.94
223,01/20/2021,ARKQ,EXPERIENCE INVESTMENT CORP-A,EXPC,273066.0,3840000.0,0.15
224,01/20/2021,ARKQ,NANO DIMENSION LTD - ADR,NNDM,6421811.0,73980000.0,2.79
225,01/21/2021,ARKQ,MATERIALISE NV-ADR,MTLS,2330888.0,163160000.0,5.9
226,01/21/2021,ARKQ,STRATASYS LTD,SSYS,1544348.0,55660000.0,2.01
227,01/21/2021,ARKQ,PROTO LABS INC,PRLB,280592.0,53340000.0,1.93
228,01/21/2021,ARKQ,2U INC,TWOU,1201373.0,53590000.0,1.94
229,01/21/2021,ARKQ,EXONE CO/THE,XONE,997483.0,21660000.0,0.78
230,01/21/2021,ARKQ,ORGANOVO HOLDINGS INC,ONVO,197165.0,2990000.0,0.11
231,01/21/2021,ARKQ,SPLUNK INC,SPLK,919.0,160000.0,0.01
232,01/21/2021,ARKQ,AMAZON.COM INC,AMZN,8613.0,28480000.0,1.03
233,01/21/2021,ARKQ,INTUITIVE SURGICAL INC,ISRG,35556.0,28400000.0,1.03
234,01/21/2021,ARKQ,ALPHABET INC-CL C,GOOG,50772.0,96020000.0,3.47
235,01/21/2021,ARKQ,HONEYWELL INTERNATIONAL INC,HON,51504.0,10570000.0,0.38
236,01/21/2021,ARKQ,AUTODESK INC,ADSK,76132.0,23330000.0,0.84
237,01/21/2021,ARKQ,ANSYS INC,ANSS,87689.0,32610000.0,1.18
238,01/21/2021,ARKQ,ROCKWELL AUTOMATION INC,ROK,100517.0,26910000.0,0.97
239,01/21/2021,ARKQ,TELEDYNE TECHNOLOGIES INC,TDY,103700.0,40200000.0,1.45
240,01/21/2021,ARKQ,LOCKHEED MARTIN CORP,LMT,112213.0,38120000.0,1.38
241,01/21/2021,ARKQ,ELBIT SYSTEMS LTD,ESLT,198006.0,26790000.0,0.97
242,01/21/2021,ARKQ,APPLE INC,AAPL,203498.0,27850000.0,1.01
243,01/21/2021,ARKQ,XILINX INC,XLNX,225553.0,31840000.0,1.15
244,01/21/2021,ARKQ,EXPERIENCE INVESTMENT CORP-A,EXPC,278981.0,4230000.0,0.15
245,01/21/2021,ARKQ,TERADYNE INC,TER,327225.0,45890000.0,1.66
246,01/21/2021,ARKQ,TESLA INC,TSLA,365794.0,309090000.0,11.17
247,01/21/2021,ARKQ,CATERPILLAR INC,CAT,365354.0,70220000.0,2.54
248,01/21/2021,ARKQ,TENCENT HOLDINGS LTD-UNS ADR,TCEHY,383994.0,33960000.0,1.23
249,01/21/2021,ARKQ,DEERE & CO,DE,397114.0,121320000.0,4.38
250,01/21/2021,ARKQ,NXP SEMICONDUCTORS NV,NXPI,486694.0,84500000.0,3.05
251,01/21/2021,ARKQ,NVIDIA CORP,NVDA,71875.0,39870000.0,1.44
252,01/21/2021,ARKQ,AEROVIRONMENT INC,AVAV,559030.0,72030000.0,2.6
253,01/21/2021,ARKQ,TAIWAN SEMICONDUCTOR-SP ADR,TSM,660112.0,88560000.0,3.2
254,01/21/2021,ARKQ,FLIR SYSTEMS INC,FLIR,768719.0,41650000.0,1.5
255,01/21/2021,ARKQ,RAVEN INDUSTRIES INC,RAVN,809620.0,28950000.0,1.05
256,01/21/2021,ARKQ,BAIDU INC - SPON ADR,BIDU,494119.0,124470000.0,4.5
257,01/21/2021,ARKQ,BYD CO LTD-UNSPONSORED ADR,BYDDY,1188117.0,76240000.0,2.75
258,01/21/2021,ARKQ,NIU TECHNOLOGIES-SPONS ADR,NIU,1220045.0,57260000.0,2.07
259,01/21/2021,ARKQ,IRIDIUM COMMUNICATIONS INC,IRDM,1717833.0,82990000.0,3.0
260,01/21/2021,ARKQ,TRIMBLE INC,TRMB,1764266.0,124050000.0,4.48
261,01/21/2021,ARKQ,SYNOPSYS INC,SNPS,220044.0,60040000.0,2.17
262,01/21/2021,ARKQ,VIRGIN GALACTIC HOLDINGS INC,SPCE,1849811.0,61540000.0,2.22
263,01/21/2021,ARKQ,WORKHORSE GROUP INC,WKHS,1989273.0,45450000.0,1.64
264,01/21/2021,ARKQ,KOMATSU LTD -SPONS ADR,KMTUY,2274258.0,66700000.0,2.41
265,01/21/2021,ARKQ,MAGNA INTERNATIONAL INC,MGA,546555.0,42110000.0,1.52
266,01/21/2021,ARKQ,NANO DIMENSION LTD - ADR,NNDM,6560937.0,82670000.0,2.99
267,01/21/2021,ARKQ,KRATOS DEFENSE & SECURITY,KTOS,3352779.0,98670000.0,3.57
268,01/21/2021,ARKQ,JD.COM INC-ADR,JD,1260940.0,119920000.0,4.33
269,01/21/2021,ARKQ,MORGAN STANLEY GOVT INSTL 8035,,23436033.81,23440000.0,0.85
270,01/22/2021,ARKQ,MATERIALISE NV-ADR,MTLS,2314995.0,160270000.0,5.67
271,01/22/2021,ARKQ,STRATASYS LTD,SSYS,1544348.0,58920000.0,2.08
272,01/22/2021,ARKQ,2U INC,TWOU,1201373.0,52820000.0,1.87
273,01/22/2021,ARKQ,PROTO LABS INC,PRLB,280592.0,54140000.0,1.91
274,01/22/2021,ARKQ,EXONE CO/THE,XONE,997483.0,22490000.0,0.8
275,01/22/2021,ARKQ,ORGANOVO HOLDINGS INC,ONVO,197165.0,2810000.0,0.1
276,01/22/2021,ARKQ,SPLUNK INC,SPLK,929.0,160000.0,0.01
277,01/22/2021,ARKQ,AMAZON.COM INC,AMZN,8683.0,28590000.0,1.01
278,01/22/2021,ARKQ,INTUITIVE SURGICAL INC,ISRG,35846.0,26670000.0,0.94
279,01/22/2021,ARKQ,ALPHABET INC-CL C,GOOG,51187.0,97310000.0,3.44
280,01/22/2021,ARKQ,HONEYWELL INTERNATIONAL INC,HON,51924.0,10500000.0,0.37
281,01/22/2021,ARKQ,NVIDIA CORP,NVDA,72460.0,39740000.0,1.4
282,01/22/2021,ARKQ,AUTODESK INC,ADSK,76752.0,22960000.0,0.81
283,01/22/2021,ARKQ,ANSYS INC,ANSS,88404.0,33110000.0,1.17
284,01/22/2021,ARKQ,ROCKWELL AUTOMATION INC,ROK,101337.0,26950000.0,0.95
285,01/22/2021,ARKQ,TELEDYNE TECHNOLOGIES INC,TDY,104545.0,40690000.0,1.44
286,01/22/2021,ARKQ,LOCKHEED MARTIN CORP,LMT,113128.0,38450000.0,1.36
287,01/22/2021,ARKQ,ELBIT SYSTEMS LTD,ESLT,199621.0,27000000.0,0.95
288,01/22/2021,ARKQ,APPLE INC,AAPL,205158.0,28530000.0,1.01
289,01/22/2021,ARKQ,SYNOPSYS INC,SNPS,221839.0,59930000.0,2.12
290,01/22/2021,ARKQ,XILINX INC,XLNX,227393.0,32500000.0,1.15
291,01/22/2021,ARKQ,EXPERIENCE INVESTMENT CORP-A,EXPC,281256.0,4190000.000000001,0.15
292,01/22/2021,ARKQ,TERADYNE INC,TER,329895.0,45510000.0,1.61
293,01/22/2021,ARKQ,CATERPILLAR INC,CAT,368334.0,70700000.0,2.5
294,01/22/2021,ARKQ,TESLA INC,TSLA,368779.0,312220000.0,11.04
295,01/22/2021,ARKQ,TENCENT HOLDINGS LTD-UNS ADR,TCEHY,387129.0,34980000.0,1.24
296,01/22/2021,ARKQ,DEERE & CO,DE,400354.0,122180000.0,4.32
297,01/22/2021,ARKQ,NXP SEMICONDUCTORS NV,NXPI,490664.0,84540000.0,2.99
298,01/22/2021,ARKQ,BAIDU INC - SPON ADR,BIDU,498149.0,125910000.0,4.45
299,01/22/2021,ARKQ,MAGNA INTERNATIONAL INC,MGA,551015.0,41880000.0,1.48
300,01/22/2021,ARKQ,AEROVIRONMENT INC,AVAV,563590.0,75100000.0,2.65
301,01/22/2021,ARKQ,FLIR SYSTEMS INC,FLIR,774989.0,42130000.0,1.49
302,01/22/2021,ARKQ,RAVEN INDUSTRIES INC,RAVN,816225.0,29100000.0,1.03
303,01/22/2021,ARKQ,BYD CO LTD-UNSPONSORED ADR,BYDDY,1197807.0,79560000.0,2.81
304,01/22/2021,ARKQ,NIU TECHNOLOGIES-SPONS ADR,NIU,1229995.0,56640000.0,2.0
305,01/22/2021,ARKQ,JD.COM INC-ADR,JD,1271225.0,120650000.0,4.26
306,01/22/2021,ARKQ,IRIDIUM COMMUNICATIONS INC,IRDM,1731848.0,84860000.0,3.0
307,01/22/2021,ARKQ,TRIMBLE INC,TRMB,1778656.0,125860000.0,4.45
308,01/22/2021,ARKQ,VIRGIN GALACTIC HOLDINGS INC,SPCE,1864901.0,63930000.0,2.26
309,01/22/2021,ARKQ,WORKHORSE GROUP INC,WKHS,2005498.0,47150000.0,1.67
310,01/22/2021,ARKQ,KOMATSU LTD -SPONS ADR,KMTUY,2292808.0,66349999.99999999,2.35
311,01/22/2021,ARKQ,NANO DIMENSION LTD - ADR,NNDM,6614452.0,95180000.0,3.36
312,01/22/2021,ARKQ,TAIWAN SEMICONDUCTOR-SP ADR,TSM,729835.0,94250000.0,3.33
313,01/22/2021,ARKQ,KRATOS DEFENSE & SECURITY,KTOS,3472953.0,104010000.0,3.68
314,01/22/2021,ARKQ,MORGAN STANLEY GOVT INSTL 8035,,37544749.27,37540000.0,1.33
315,01/25/2021,ARKQ,MORGAN STANLEY GOVT INSTL 8035,,14254177.24,14250000.0,0.48
316,01/25/2021,ARKQ,MATERIALISE NV-ADR,MTLS,2280909.0,156150000.0,5.25
317,01/25/2021,ARKQ,STRATASYS LTD,SSYS,1544348.0,61770000.0,2.08
318,01/25/2021,ARKQ,PROTO LABS INC,PRLB,280592.0,58330000.0,1.96
319,01/25/2021,ARKQ,2U INC,TWOU,1201373.0,51910000.0,1.74
320,01/25/2021,ARKQ,EXONE CO/THE,XONE,997483.0,24530000.0,0.82
321,01/25/2021,ARKQ,ORGANOVO HOLDINGS INC,ONVO,197165.0,2850000.0,0.1
322,01/25/2021,ARKQ,SPLUNK INC,SPLK,957.0,160000.0,0.01
323,01/25/2021,ARKQ,AMAZON.COM INC,AMZN,9075.0,29890000.0,1.0
324,01/25/2021,ARKQ,ALPHABET INC-CL C,GOOG,53511.0,101640000.0,3.42
325,01/25/2021,ARKQ,HONEYWELL INTERNATIONAL INC,HON,54276.0,10960000.0,0.37
326,01/25/2021,ARKQ,NVIDIA CORP,NVDA,75736.0,41360000.0,1.39
327,01/25/2021,ARKQ,AUTODESK INC,ADSK,80224.0,23560000.0,0.79
328,01/25/2021,ARKQ,ANSYS INC,ANSS,92408.0,33990000.0,1.14
329,01/25/2021,ARKQ,ROCKWELL AUTOMATION INC,ROK,105929.0,27630000.0,0.93
330,01/25/2021,ARKQ,TELEDYNE TECHNOLOGIES INC,TDY,109277.0,42180000.0,1.42
331,01/25/2021,ARKQ,LOCKHEED MARTIN CORP,LMT,118252.0,40620000.0,1.37
332,01/25/2021,ARKQ,ELBIT SYSTEMS LTD,ESLT,208665.0,27970000.0,0.94
333,01/25/2021,ARKQ,APPLE INC,AAPL,214454.0,30650000.0,1.03
334,01/25/2021,ARKQ,SYNOPSYS INC,SNPS,231891.0,62520000.0,2.1
335,01/25/2021,ARKQ,XILINX INC,XLNX,237697.0,34500000.0,1.16
336,01/25/2021,ARKQ,INTUITIVE SURGICAL INC,ISRG,46541.0,35000000.0,1.18
337,01/25/2021,ARKQ,EXPERIENCE INVESTMENT CORP-A,EXPC,294024.0,4300000.0,0.14
338,01/25/2021,ARKQ,TERADYNE INC,TER,344847.0,48320000.0,1.62
339,01/25/2021,ARKQ,CATERPILLAR INC,CAT,385022.0,72130000.0,2.42
340,01/25/2021,ARKQ,TESLA INC,TSLA,385495.0,339540000.0,11.41
341,01/25/2021,ARKQ,AEROVIRONMENT INC,AVAV,580736.0,77930000.0,2.62
342,01/25/2021,ARKQ,TENCENT HOLDINGS LTD-UNS ADR,TCEHY,404685.0,38850000.0,1.31
343,01/25/2021,ARKQ,DEERE & CO,DE,418498.0,124800000.0,4.19
344,01/25/2021,ARKQ,NXP SEMICONDUCTORS NV,NXPI,512896.0,89460000.0,3.01
345,01/25/2021,ARKQ,BAIDU INC - SPON ADR,BIDU,520717.0,132720000.0,4.46
346,01/25/2021,ARKQ,MAGNA INTERNATIONAL INC,MGA,575991.0,43660000.0,1.47
347,01/25/2021,ARKQ,TAIWAN SEMICONDUCTOR-SP ADR,TSM,762903.0,99570000.0,3.35
348,01/25/2021,ARKQ,FLIR SYSTEMS INC,FLIR,810101.0,44170000.0,1.48
349,01/25/2021,ARKQ,RAVEN INDUSTRIES INC,RAVN,853213.0,31530000.0,1.06
350,01/25/2021,ARKQ,BYD CO LTD-UNSPONSORED ADR,BYDDY,1252071.0,88400000.0,2.97
351,01/25/2021,ARKQ,NIU TECHNOLOGIES-SPONS ADR,NIU,1285743.0,63220000.0,2.12
352,01/25/2021,ARKQ,JD.COM INC-ADR,JD,1328821.0,130730000.0,4.39
353,01/25/2021,ARKQ,IRIDIUM COMMUNICATIONS INC,IRDM,1789713.0,87700000.0,2.95
354,01/25/2021,ARKQ,TRIMBLE INC,TRMB,1859240.0,131750000.0,4.43
355,01/25/2021,ARKQ,VIRGIN GALACTIC HOLDINGS INC,SPCE,1949405.0,70180000.0,2.36
356,01/25/2021,ARKQ,WORKHORSE GROUP INC,WKHS,2096358.0,51800000.0,1.74
357,01/25/2021,ARKQ,KOMATSU LTD -SPONS ADR,KMTUY,2396688.0,68280000.0,2.29
358,01/25/2021,ARKQ,KRATOS DEFENSE & SECURITY,KTOS,3630313.0,108800000.0,3.66
359,01/25/2021,ARKQ,NANO DIMENSION LTD - ADR,NNDM,6914164.0,115190000.0,3.87
0,1/26/2021,ARKQ,2U INC,TWOU,1201373.0,51430778.13,1.72
1,1/26/2021,ARKQ,AEROVIRONMENT INC,AVAV,551433.0,69408871.71,2.32
2,1/26/2021,ARKQ,ALPHABET INC-CL C,GOOG,53760.0,103070822.4,3.45
3,1/26/2021,ARKQ,AMAZON.COM INC,AMZN,9117.0,30324327.21,1.01
4,1/26/2021,ARKQ,ANSYS INC,ANSS,92837.0,34037757.68,1.14
5,1/26/2021,ARKQ,APPLE INC,AAPL,215450.0,30843822.0,1.03
6,1/26/2021,ARKQ,AUTODESK INC,ADSK,80596.0,23513883.0,0.79
7,1/26/2021,ARKQ,BAIDU INC - SPON ADR,BIDU,523135.0,129894420.5,4.35
8,1/26/2021,ARKQ,BYD CO LTD-UNSPONSORED ADR,BYDDY,1257885.0,85951282.05,2.88
9,1/26/2021,ARKQ,CATERPILLAR INC,CAT,386810.0,72414700.1,2.42
10,1/26/2021,ARKQ,DEERE & CO,DE,420442.0,124455036.42,4.16
11,1/26/2021,ARKQ,ELBIT SYSTEMS LTD,ESLT,209634.0,28401214.32,0.95
12,1/26/2021,ARKQ,EXONE CO/THE,XONE,997483.0,28488114.48,0.95
13,1/26/2021,ARKQ,EXPERIENCE INVESTMENT CORP-A,EXPC,311123.0,4526839.65,0.15
14,1/26/2021,ARKQ,FLIR SYSTEMS INC,FLIR,813863.0,44111374.6,1.48
15,1/26/2021,ARKQ,HONEYWELL INTERNATIONAL INC,HON,54528.0,10963399.68,0.37
16,1/26/2021,ARKQ,INTUITIVE SURGICAL INC,ISRG,46757.0,35986525.05,1.2
17,1/26/2021,ARKQ,IRIDIUM COMMUNICATIONS INC,IRDM,1700525.0,82866583.25,2.77
18,1/26/2021,ARKQ,JD.COM INC-ADR,JD,1334992.0,129454174.24,4.33
19,1/26/2021,ARKQ,KOMATSU LTD -SPONS ADR,KMTUY,2575897.0,72150874.97,2.41
20,1/26/2021,ARKQ,KRATOS DEFENSE & SECURITY,KTOS,3647170.0,106351477.2,3.56
21,1/26/2021,ARKQ,LOCKHEED MARTIN CORP,LMT,118801.0,39286302.69,1.31
22,1/26/2021,ARKQ,MAGNA INTERNATIONAL INC,MGA,578667.0,42699837.93,1.43
23,1/26/2021,ARKQ,MATERIALISE NV-ADR,MTLS,2256014.0,153047989.76,5.12
24,1/26/2021,ARKQ,MORGAN STANLEY GOVT INSTL 8035,,5903508.11,5903508.11,0.2
25,1/26/2021,ARKQ,NANO DIMENSION LTD - ADR,NNDM,6946273.0,108292396.07,3.62
26,1/26/2021,ARKQ,NIU TECHNOLOGIES-SPONS ADR,NIU,1291713.0,61795549.92,2.07
27,1/26/2021,ARKQ,NVIDIA CORP,NVDA,76087.0,40889914.67,1.37
28,1/26/2021,ARKQ,NXP SEMICONDUCTORS NV,NXPI,515278.0,86953162.5,2.91
29,1/26/2021,ARKQ,ORGANOVO HOLDINGS INC,ONVO ,197165.0,2612436.25,0.09
30,1/26/2021,ARKQ,PACCAR INC,PCAR,77700.0,7599837.0,0.25
31,1/26/2021,ARKQ,PROTO LABS INC,PRLB,280592.0,62852608.0,2.1
32,1/26/2021,ARKQ,RAVEN INDUSTRIES INC,RAVN,857176.0,31132632.32,1.04
33,1/26/2021,ARKQ,ROCKWELL AUTOMATION INC,ROK,130156.0,31816634.2,1.06
34,1/26/2021,ARKQ,SPLUNK INC,SPLK,960.0,166809.6,0.01
35,1/26/2021,ARKQ,STRATASYS LTD,SSYS,1544348.0,65464911.72,2.19
36,1/26/2021,ARKQ,SYNOPSYS INC,SNPS,232968.0,61990455.12,2.07
37,1/26/2021,ARKQ,TAIWAN SEMICONDUCTOR-SP ADR,TSM,766446.0,97070385.9,3.25
38,1/26/2021,ARKQ,TELEDYNE TECHNOLOGIES INC,TDY,109784.0,42121925.12,1.41
39,1/26/2021,ARKQ,TENCENT HOLDINGS LTD-UNS ADR,TCEHY,406563.0,37550158.68,1.26
40,1/26/2021,ARKQ,TERADYNE INC,TER,432475.0,59724797.5,2.0
41,1/26/2021,ARKQ,TESLA INC,TSLA,380410.0,335936266.9,11.24
42,1/26/2021,ARKQ,TRIMBLE INC,TRMB,1867874.0,130134781.58,4.35
43,1/26/2021,ARKQ,VIRGIN GALACTIC HOLDINGS INC,SPCE,1958456.0,82353074.8,2.76
44,1/26/2021,ARKQ,WORKHORSE GROUP INC,WKHS,2106093.0,67774072.74,2.27
45,1/26/2021,ARKQ,XILINX INC,XLNX,238801.0,34480476.39,1.15
